{
  "cookies": [
    "datr=GqwmaWOxLF_Uv-82ZWjF0eB6; fr=1s7Wi8byOKq6GuUar.AWd2YKoLPV4BF40OO77Am5hZJSryIVVjY3_ekNXfQuZ_KDqhgdM.BpRmy9..AAA.0.0.BpRmzI.AWfD17e6uN4qr7L7wqnD_FSxMZg; sb=GqwmaV_NuX4jWcP1nWNyzPKc; locale=en_GB; wd=1143x479; dpr=1.6800000667572021; ps_l=1; ps_n=1; c_user=100094329691764; xs=2%3AlGybrJRLGkeXtw%3A2%3A1766223031%3A-1%3A-1%3A%3AAcwigbCyQGtWhbpGI6oiaDxAVawef3FvWt-SS9AFHA",
    "datr=wdAmaaHD99qka4MJumAg8qZZ; fr=1cWVgS3ej7r3NaUWg.AWd0cjvLnFjY4QoFgD17O6A2f8V4cjOri1Tlp2snyjU8yu5q7gQ.BpRmy2..AAA.0.0.BpRmy2.AWfqEmfEQuTnbPoYd_zLZ475hQg; sb=wdAmaXc2LA4x-8zm23MKb1bv; locale=en_IN; ps_l=1; ps_n=1; wd=588x479; dpr=1.6800000667572021; c_user=100005667075425; xs=43%3A0O5I6YRrUeLHvg%3A2%3A1766135152%3A-1%3A-1%3A%3AAcyAMox_lve16jzEAdsCb_ZcrtpwLm72mFN0sQumBA; presence=C%7B%22t3%22%3A%5B%5D%2C%22utc3%22%3A1766223042479%2C%22v%22%3A1%7D",
    "datr=SK8maRcMTTI5l5jYA2lNg9Vn; fr=10DTXgNJyOhjXXbVl.AWeWqJ_2gegQvWxTZiom95bjeXBPptBTlF70DcjGHpH3AM3dQ-A.BpRmyz..AAA.0.0.BpRmyz.AWdLi3KMi0AE8WbFy3tk_NlpQ1w; sb=SK8maQT5FcoNhX1ii3_svYfg; locale=en_US; wd=588x479; dpr=1.6800000667572021; ps_l=1; ps_n=1; c_user=100086111536900; xs=4%3AhEP3GPso2CzlRA%3A2%3A1766136688%3A-1%3A-1%3A%3AAczQc-ROIT3b9-QsJ-ly1BG_JahRSenkLut1oe9Jcw; presence=C%7B%22t3%22%3A%5B%5D%2C%22utc3%22%3A1766223040399%2C%22v%22%3A1%7D"
  ],
  "comment": "\nhwllllloooooo",
  "post_link": ["34567890234567890"],
  "total_comments_to_do": 6,
  "threads_count": 5,
  "locked_till_now": [],
  "sucess_till_now": 0
}